user_id,session_1,session_2,session_3,session_4,session_5,session_6,session_7,session_8,session_9,session_10,session_11
1105159,"(9152, 34.74881666666667)","(4271, 16.329616666666666)","(7249, 25.5117)","(4333, 19.928183333333333)","(3094, 8.666166666666667)","(4883, 10.640633333333334)","(5341, 29.7731)","(4120, 13.0368)",,,
1165247,"(7687, 29.073266666666665)","(5322, 25.737166666666667)","(5751, 27.48185)",,,,,,,,
1174404,"(5083, 18.0192)","(4723, 10.439083333333333)","(420, 8.4591)",,,,,,,,
1244132,"(44765, 53.736533333333334)","(42110, 44.280683333333336)","(36426, 59.665)","(37529, 59.9935)",,,,,,,
1865189,"(1434, 28.261433333333333)","(2659, 20.918316666666666)","(2711, 20.497883333333334)","(1802, 15.86225)",,,,,,,
1961295,"(7686, 29.4025)","(5819, 20.145566666666667)","(4078, 13.553566666666667)","(2068, 8.8272)","(5141, 13.8432)","(1180, 19.9236)","(4135, 13.9845)","(903, 5.301666666666667)",,,
1988613,"(13276, 32.10281666666667)","(2990, 7.810366666666667)","(4024, 7.321616666666666)","(2910, 3.515433333333333)","(3279, 7.273133333333333)","(2667, 8.59315)","(3490, 10.014166666666666)","(2353, 8.004883333333334)",,,
2346653,"(32469, 52.65018333333333)","(22920, 55.2451)","(9627, 42.84708333333333)","(10612, 38.11143333333333)","(7193, 32.30095)","(9947, 56.801966666666665)","(8605, 30.0662)","(11477, 32.34558333333333)",,,
2633840,"(14246, 47.24066666666667)","(9622, 23.8651)","(3525, 13.85785)","(4098, 17.9095)","(2256, 10.171733333333334)","(6345, 17.268733333333333)",,,,,
2693592,"(12445, 17.776183333333332)","(11143, 36.813433333333336)","(9866, 26.815316666666668)","(14822, 33.0749)","(11794, 25.0208)","(13097, 23.693533333333335)",,,,,
2722493,"(19673, 36.73385)","(1439, 14.185033333333333)","(360, 11.482383333333333)","(633, 9.766633333333333)",,,,,,,
2750057,"(3260, 10.269166666666667)","(2666, 12.65135)","(3952, 14.07685)",,,,,,,,
2886837,"(1713, 37.36816666666667)","(1517, 30.485466666666667)","(1825, 22.599916666666665)","(1120, 27.390216666666667)",,,,,,,
3084978,"(8088, 30.49765)","(842, 30.047983333333335)","(333, 14.819433333333333)","(728, 50.83401666666666)",,,,,,,
3130601,"(5996, 15.789966666666666)","(4468, 12.1199)","(2528, 4.7475)",,,,,,,,
3695167,"(12210, 33.83586666666667)","(782, 14.84035)","(500, 8.074333333333334)","(2190, 10.04115)","(3852, 12.9456)","(3976, 11.90165)","(2129, 9.192933333333333)","(3020, 12.769466666666666)",,,
3726809,"(6190, 20.70105)","(1505, 10.1973)","(1259, 9.573366666666667)",,,,,,,,
4148061,"(471, 9.0535)","(555, 8.574966666666667)","(499, 5.97355)",,,,,,,,
4179044,"(8205, 36.65786666666666)","(11838, 38.018116666666664)","(7972, 27.006616666666666)",,,,,,,,
4372737,"(9696, 35.719766666666665)","(3886, 38.38088333333334)",,,,,,,,,
4542213,"(19255, 59.90278333333333)","(7717, 17.598283333333335)","(23102, 59.81605)","(19446, 59.71588333333333)","(17010, 44.510416666666664)","(16782, 57.62085)","(19136, 59.76965)","(19834, 59.96671666666666)","(15013, 59.86096666666667)","(18430, 59.8372)",
5150547,"(1591, 32.45803333333333)","(2170, 18.345166666666668)","(1583, 24.1368)","(1545, 25.696383333333333)",,,,,,,
5254922,"(9795, 34.890816666666666)","(5079, 23.635866666666665)","(3799, 18.265266666666665)","(1992, 12.366383333333333)","(5311, 21.807216666666665)","(2869, 16.910416666666666)","(2401, 19.695233333333334)","(2378, 28.148066666666665)",,,
5286985,"(8611, 35.208666666666666)","(1778, 5.400766666666667)","(3600, 19.33765)","(2366, 10.34375)","(2615, 18.720833333333335)","(5758, 16.79075)",,,,,
5362628,"(2497, 35.5063)","(2216, 22.0635)","(1267, 10.6123)","(2579, 18.79815)","(2752, 24.330183333333334)","(2703, 22.63083333333333)","(1870, 23.6004)",,,,
5577693,"(5171, 27.625183333333332)","(3661, 14.74605)","(1815, 19.352183333333333)","(1502, 12.656216666666667)","(1030, 9.074433333333333)","(1109, 8.86515)",,,,,
5865581,"(8103, 25.851566666666667)","(4007, 15.428316666666667)","(4384, 15.855483333333334)","(2432, 13.267583333333333)","(3888, 19.416266666666665)","(4918, 18.185466666666667)","(2732, 16.296)","(2803, 8.00875)","(790, 5.688)",,
5957492,"(20594, 33.9485)","(12459, 34.078133333333334)","(16739, 33.15395)",,,,,,,,
6200741,"(902, 42.6324)","(924, 35.155433333333335)","(793, 32.3188)",,,,,,,,
6289350,"(1677, 57.03158333333333)","(1257, 41.346583333333335)","(966, 35.8196)","(1175, 32.590916666666665)",,,,,,,
6362291,"(50318, 32.7068)","(49446, 41.99068333333334)","(54237, 42.59466666666667)","(59164, 59.68581666666667)",,,,,,,
6638682,"(12485, 52.63901666666667)","(6367, 28.78525)","(5581, 29.29945)","(1642, 38.233466666666665)","(2858, 11.927233333333334)",,,,,,
6700716,"(8555, 23.322616666666665)","(378, 14.989633333333334)","(2681, 16.10875)","(1355, 14.523716666666667)","(1327, 7.171716666666667)","(1178, 7.200983333333333)","(3051, 12.280883333333334)","(3367, 8.505083333333333)",,,
6708958,"(781, 17.480016666666668)","(1063, 19.676216666666665)","(765, 14.188966666666667)","(826, 10.749383333333334)","(627, 12.951983333333333)","(886, 9.429316666666667)","(705, 8.496116666666667)","(589, 8.9054)",,,
7114382,"(25572, 42.5413)","(3205, 20.381916666666665)","(3907, 19.921883333333334)","(4566, 13.811416666666666)","(3310, 18.53235)","(3080, 16.71105)","(1051, 10.689133333333332)","(1611, 14.697666666666667)",,,
7310944,"(3375, 22.042133333333332)","(449, 13.645733333333334)","(1162, 15.940616666666667)","(1024, 15.333066666666667)",,,,,,,
7316795,"(12190, 27.2481)","(4043, 11.232883333333334)","(4776, 12.280383333333333)","(5108, 12.966883333333334)","(4110, 9.871516666666666)","(3186, 9.202583333333333)","(4189, 9.192466666666666)","(3682, 9.4589)",,,
7373019,"(12076, 37.19583333333333)","(1499, 21.998233333333335)","(973, 15.720733333333333)","(985, 11.6216)","(1066, 8.336416666666667)","(729, 8.583816666666667)","(2365, 13.5048)",,,,
7620603,"(28131, 40.45345)","(16901, 40.21848333333333)","(21485, 44.74068333333334)","(13942, 42.2277)","(19415, 45.72345)",,,,,,
7688576,"(14765, 44.376933333333334)","(9358, 22.200483333333334)","(12323, 27.767866666666666)","(3457, 17.163316666666667)","(4330, 16.567383333333332)","(4888, 16.684833333333334)",,,,,
7847405,"(7, 2.2396)","(182, 11.0457)","(145, 8.418466666666667)","(146, 5.832066666666667)","(193, 5.950033333333334)","(166, 7.80925)","(157, 9.201583333333334)",,,,
8348481,"(1232, 19.323616666666666)","(3061, 20.859883333333332)","(1259, 12.23215)","(2168, 16.107266666666668)",,,,,,,
8503192,"(705, 26.994816666666665)","(6301, 22.472966666666668)","(626, 22.814083333333333)",,,,,,,,
8555844,"(76105, 51.1921)","(66046, 48.536366666666666)","(72485, 51.535716666666666)","(60297, 42.962666666666664)","(42422, 27.06995)",,,,,,
8573429,"(18119, 50.219366666666666)","(5302, 19.5914)","(5076, 18.930316666666666)",,,,,,,,
8635407,"(16535, 44.03945)","(5381, 14.0864)","(3995, 6.434033333333334)",,,,,,,,
8746874,"(12110, 54.57143333333333)","(985, 22.18125)","(727, 17.432916666666667)","(804, 15.19795)","(844, 16.659283333333335)","(644, 16.8929)","(643, 13.2821)","(848, 10.532683333333333)",,,
8822529,"(2, 0.0006333333333333333)","(814, 15.126666666666667)","(527, 17.3139)","(269, 17.25486666666667)","(386, 10.6852)",,,,,,
8824899,"(2900, 19.8277)","(3279, 19.5074)","(2339, 12.454183333333333)","(2391, 15.298183333333334)",,,,,,,
9242542,"(24383, 24.925583333333332)","(27162, 29.838866666666668)","(35041, 36.423116666666665)",,,,,,,,
9259884,"(9923, 25.347466666666666)","(8597, 15.535866666666667)","(7048, 18.050216666666667)","(7023, 22.391016666666665)","(5970, 16.42256666666667)","(3970, 27.157016666666667)","(4708, 9.67555)","(5004, 9.874166666666667)",,,
9274838,"(2228, 3.1867)","(2387, 8.823066666666668)","(2532, 9.125383333333334)","(5165, 8.998266666666666)","(2302, 8.4502)",,,,,,
9333707,"(4496, 14.77325)","(7909, 31.60715)","(5893, 14.620916666666666)","(4283, 14.1438)","(1646, 9.704433333333334)","(1956, 10.602783333333333)","(1307, 11.124783333333333)","(1075, 11.857066666666666)",,,
9417614,"(6344, 27.69535)","(4874, 28.672166666666666)","(5867, 23.398366666666668)","(6506, 28.43895)",,,,,,,
9707394,"(11165, 33.4754)","(13996, 32.56016666666667)","(12755, 26.8549)","(17611, 34.77385)","(5444, 15.305516666666668)","(464, 4.10305)","(2083, 10.117166666666666)","(2559, 9.1824)","(7099, 17.145883333333334)","(2865, 19.614933333333333)","(2266, 8.30975)"
9733371,"(7388, 27.279)","(5082, 18.7551)","(4372, 16.102566666666668)","(4567, 11.9843)",,,,,,,
